Cluster,Gene Name,COSG Score,Log Fold Change
Astro-adult,Gja1,0.37140828,6.731122
Astro-adult,S1pr1,0.36562964,5.70788
Astro-adult,Sdc4,0.35224393,5.298236
Astro-adult,2900052N01Rik,0.35082334,5.144177
Astro-adult,Fam107a,0.34593454,5.437198
Astro-adult,Fgfr3,0.32779253,5.0222263
Astro-adult,Mt2,0.31566203,6.3335443
Astro-adult,Gpr37l1,0.30719265,5.477511
Astro-adult,Lgr4,0.30228046,4.0494556
Astro-adult,Ntsr2,0.30187637,5.3647413
Astro-adult,Sfxn5,0.30003142,4.478408
Astro-adult,Cxcl14,0.2986615,4.7861032
Astro-adult,Clu,0.2967623,6.1196065
Astro-adult,Gstm1,0.29307047,4.7511406
Astro-adult,Htra1,0.2928306,5.2991676
Astro-adult,Rorb,0.2872902,4.367995
Astro-adult,Gabrg1,0.2862845,4.4352884
Astro-adult,Id4,0.2816683,4.7385616
Astro-adult,Grin2c,0.2726963,5.0108666
Astro-adult,Slc6a11,0.26213488,4.265049
Astro-adult,Kcnj16,0.2619057,4.5626864
Astro-adult,Phkg1,0.26027587,4.388125
Astro-adult,Atp13a4,0.2599953,4.881721
Astro-adult,Appl2,0.25781083,4.1311955
Astro-adult,Gjb6,0.25441128,4.996979
Astro-adult,Acsl3,0.25266218,4.1251135
Astro-adult,Tmem47,0.25230777,4.493284
Astro-adult,Plpp3,0.25179395,5.513249
Astro-adult,Atp1a2,0.24742264,6.0772967
Astro-adult,RP23-4H17.3,0.24688818,3.7124753
Astro-adult,Atp1b2,0.24586578,4.8001523
Astro-adult,Slc1a2,0.24456345,6.3908997
Astro-adult,F3,0.2437077,4.48379
Astro-adult,Prex2,0.24215329,4.1188874
Astro-adult,Aldoc,0.24093528,5.8541117
Astro-adult,Ttyh1,0.23983319,4.9406023
Astro-adult,Tlr3,0.23709929,4.632099
Astro-adult,Slc4a4,0.23683268,4.5775514
Astro-adult,Elovl5,0.23613201,4.040485
Astro-adult,Igdcc4,0.23263586,3.795987
Astro-adult,Gm11681,0.22890215,4.887285
Astro-adult,Glul,0.22440888,5.346408
Astro-adult,Lgi4,0.223835,4.548763
Astro-adult,Cyp2d22,0.22156814,4.258912
Astro-adult,Slc39a12,0.21595281,4.6689515
Astro-adult,Luzp2,0.21584962,3.913046
Astro-adult,Irak2,0.21583058,4.2682133
Astro-adult,Ntrk2,0.21370567,4.304486
Astro-adult,Acsbg1,0.21142647,4.4636703
Astro-adult,Fxyd1,0.2103543,4.0771894
Astro-juv,Retsat,0.36791196,5.363305
Astro-juv,Lcat,0.34502816,5.2922783
Astro-juv,Hsd11b1,0.28614137,4.9796343
Astro-juv,Aqp4,0.285376,6.382216
Astro-juv,Slc39a12,0.27776575,5.300265
Astro-juv,Cldn10,0.27352342,5.1536803
Astro-juv,Fgf1,0.27142254,4.8800707
Astro-juv,Fbxo2,0.26959231,4.7386007
Astro-juv,Ntsr2,0.24728441,5.675193
Astro-juv,Abhd3,0.24693033,4.867944
Astro-juv,Slc7a2,0.24407405,4.573963
Astro-juv,Pla2g7,0.23416762,5.131318
Astro-juv,Agt,0.23224314,4.5646925
Astro-juv,Acsl6,0.23212156,4.394877
Astro-juv,Acsbg1,0.22989278,5.0144315
Astro-juv,Htra1,0.22749758,5.56633
Astro-juv,Gpc5,0.21837807,4.5598826
Astro-juv,Clu,0.21418673,6.473949
Astro-juv,Hapln1,0.21188673,4.579213
Astro-juv,Eva1a,0.21149081,4.48508
Astro-juv,Scd1,0.20864674,4.172273
Astro-juv,Gjb6,0.20660684,5.0787644
Astro-juv,F3,0.20364931,4.66094
Astro-juv,Fam107a,0.20205623,5.1297965
Astro-juv,Gpr37l1,0.20132785,5.4710608
Astro-juv,Grin2c,0.19980614,4.90368
Astro-juv,Aldh1a1,0.18948628,4.631868
Astro-juv,Prodh,0.1884868,4.5626917
Astro-juv,Vegfa,0.18546027,3.9859467
Astro-juv,Gja1,0.18060692,6.212759
Astro-juv,Ephx2,0.17508864,4.327289
Astro-juv,Mlc1,0.17267793,4.841241
Astro-juv,Slc20a1,0.17169875,3.3849652
Astro-juv,Aldh1l1,0.1705107,4.2785425
Astro-juv,Bmpr1b,0.17002332,4.3173027
Astro-juv,Myoc,0.16998933,5.593541
Astro-juv,Tfcp2l1,0.16632725,5.089333
Astro-juv,Aldoc,0.16629203,6.101792
Astro-juv,Scg3,0.16590877,4.180754
Astro-juv,Slc4a4,0.16362473,4.7368517
Astro-juv,Elovl5,0.16020833,4.1353197
Astro-juv,Mfap3l,0.15967041,3.818019
Astro-juv,S1pr1,0.15793869,5.0622993
Astro-juv,Lgi4,0.15792057,4.423727
Astro-juv,Tmem229a,0.15692413,3.9487095
Astro-juv,Paqr8,0.1557613,3.7638755
Astro-juv,Slc12a4,0.15399742,3.6687045
Astro-juv,Kcng4,0.15392295,5.114811
Astro-juv,Gfap,0.15335707,4.6420436
Astro-juv,Cyp2d22,0.15184173,4.1773553
CA3-Pyr,Sv2b,0.54253834,5.9608064
CA3-Pyr,Hapln4,0.37614843,5.7632437
CA3-Pyr,Rasgrp1,0.36331657,5.343317
CA3-Pyr,Prkcg,0.3066757,4.6686525
CA3-Pyr,Spink8,0.2943033,6.1578584
CA3-Pyr,Thsd4,0.29284313,5.351548
CA3-Pyr,Chrm3,0.29016063,4.680615
CA3-Pyr,Cpne7,0.2821892,4.6330147
CA3-Pyr,4921539H07Rik,0.27210936,6.616402
CA3-Pyr,Wfs1,0.27089006,4.5527406
CA3-Pyr,Kcnq5,0.25033823,4.4664307
CA3-Pyr,Trhde,0.24310504,4.3610315
CA3-Pyr,Pcnxl2,0.23765212,4.47557
CA3-Pyr,Slc9a2,0.21897939,5.527903
CA3-Pyr,Slc9a4,0.21354136,5.6395082
CA3-Pyr,Mchr1,0.20185381,4.9876676
CA3-Pyr,Slc6a7,0.20064422,4.025114
CA3-Pyr,Hs3st4,0.19984081,4.0936956
CA3-Pyr,Ankrd63,0.19521488,6.5260453
CA3-Pyr,B230110G15Rik,0.18603918,5.972421
CA3-Pyr,Sema3e,0.1829959,3.7985427
CA3-Pyr,Sstr3,0.18231872,4.232547
CA3-Pyr,Strip2,0.1809835,4.5741134
CA3-Pyr,Gpr101,0.18059891,6.1557994
CA3-Pyr,Dkk3,0.17531255,4.168588
CA3-Pyr,Vgf,0.17280988,3.8571393
CA3-Pyr,Chgb,0.1721914,4.244546
CA3-Pyr,Lynx1,0.16815571,4.039546
CA3-Pyr,Pde1a,0.16798514,3.9508562
CA3-Pyr,Cabp7,0.1679495,3.8690264
CA3-Pyr,Sebox,0.16472341,5.074927
CA3-Pyr,Cpne9,0.16198738,4.4553056
CA3-Pyr,Scn4b,0.15924114,5.043805
CA3-Pyr,Nefh,0.15698993,4.0095716
CA3-Pyr,Prkcb,0.15579504,3.8813262
CA3-Pyr,Spock1,0.15483537,4.157246
CA3-Pyr,Myadm,0.15115285,3.7736967
CA3-Pyr,Rab15,0.14914702,3.5526662
CA3-Pyr,Adam23,0.14818992,3.4602752
CA3-Pyr,Wnt2,0.14128456,4.9824142
CA3-Pyr,Ociad2,0.14126089,3.5096889
CA3-Pyr,Fibcd1,0.14080408,4.0760384
CA3-Pyr,Klk8,0.13913302,3.9085891
CA3-Pyr,Cabp1,0.1385625,3.4668307
CA3-Pyr,Cldn22,0.13730384,5.9470315
CA3-Pyr,Cacna1i,0.13689972,3.776396
CA3-Pyr,Nwd2,0.13330981,3.4727297
CA3-Pyr,Baiap2l1,0.13114542,5.0239935
CA3-Pyr,Tmem178b,0.120368905,3.4027581
CA3-Pyr,Syt12,0.11996866,3.9817355
Cajal-Retzius,Lhx1os,0.8546951,10.005338
Cajal-Retzius,Gm27199,0.76274973,10.138957
Cajal-Retzius,Lhx5,0.7591755,9.478151
Cajal-Retzius,Cacna2d2,0.7270951,7.5028243
Cajal-Retzius,Reln,0.71745217,8.351335
Cajal-Retzius,Lhx1,0.71524423,9.770344
Cajal-Retzius,Ndnf,0.6564392,7.555539
Cajal-Retzius,Trp73,0.64145833,7.8266425
Cajal-Retzius,Gdf5,0.60262555,9.019296
Cajal-Retzius,Ebf3,0.53950036,9.17902
Cajal-Retzius,Barhl2,0.5373808,10.0589075
Cajal-Retzius,Nhlh2,0.51188725,6.381357
Cajal-Retzius,Mab21l1,0.47008067,8.529591
Cajal-Retzius,Gm43194,0.45126384,8.032756
Cajal-Retzius,Syndig1l,0.4230986,5.554807
Cajal-Retzius,Ecel1,0.39981857,6.9783354
Cajal-Retzius,Rec114,0.39862654,6.899874
Cajal-Retzius,Cd274,0.39036572,6.9702377
Cajal-Retzius,Samd3,0.37366137,8.373606
Cajal-Retzius,Mrap2,0.3486833,6.0387645
Cajal-Retzius,Ripk4,0.3444579,7.320897
Cajal-Retzius,Insm2,0.32362425,6.359974
Cajal-Retzius,Kcnj5,0.32167855,10.0032015
Cajal-Retzius,Klhl1,0.31428146,6.635405
Cajal-Retzius,Nxph4,0.30733147,5.2562814
Cajal-Retzius,Angpt1,0.27236956,4.778496
Cajal-Retzius,P2rx5,0.26770505,5.1603374
Cajal-Retzius,Gm28050,0.24382085,4.42789
Cajal-Retzius,Fam159b,0.23940499,5.228375
Cajal-Retzius,Ankrd35,0.23369421,4.641485
Cajal-Retzius,Tmem163,0.22970065,5.0671635
Cajal-Retzius,Plek2,0.22482614,6.5573487
Cajal-Retzius,Penk,0.2189171,4.8959956
Cajal-Retzius,Hs3st5,0.21649793,5.4295726
Cajal-Retzius,Diablo,0.2150124,4.2396913
Cajal-Retzius,Kcnh7,0.20850816,3.9624317
Cajal-Retzius,Slc17a6,0.207653,4.2029133
Cajal-Retzius,Dach1,0.2063662,4.250534
Cajal-Retzius,Gm42654,0.20282991,8.375224
Cajal-Retzius,Nppc,0.20139162,4.2799106
Cajal-Retzius,Mgl2,0.19978277,6.0290055
Cajal-Retzius,Nxph3,0.19613723,4.3629107
Cajal-Retzius,Plekha7,0.18855232,4.6262245
Cajal-Retzius,Ramp3,0.18580665,4.234183
Cajal-Retzius,Casz1,0.17847551,4.7422385
Cajal-Retzius,RP24-462O14.3,0.1779786,10.370918
Cajal-Retzius,Smad1,0.17277998,3.6890035
Cajal-Retzius,Thsd7b,0.16967826,3.8475235
Cajal-Retzius,Tuft1,0.16849266,4.679398
Cajal-Retzius,Pou6f2,0.16614994,4.1570706
Endothelial,Cldn5,0.9103374,10.491401
Endothelial,Flt1,0.8751105,10.693915
Endothelial,Ly6c1,0.8432895,10.138175
Endothelial,Igfbp7,0.83599025,9.023073
Endothelial,Slco1a4,0.8068786,10.183584
Endothelial,Adgrl4,0.7697793,10.30339
Endothelial,Esam,0.75649214,8.663065
Endothelial,Ctla2a,0.75167197,9.119201
Endothelial,Adgrf5,0.75140744,9.925142
Endothelial,Rgs5,0.7367708,8.350915
Endothelial,Pglyrp1,0.7335813,7.8127418
Endothelial,Ptprb,0.7305019,8.257981
Endothelial,Kdr,0.7279974,8.098554
Endothelial,Eng,0.7207699,8.301703
Endothelial,Cd93,0.7126147,9.334962
Endothelial,Ly6a,0.70758206,9.8899555
Endothelial,Slc22a8,0.7060498,8.962759
Endothelial,Itm2a,0.70012194,8.396772
Endothelial,Cd34,0.6902044,7.7097607
Endothelial,Higd1b,0.6863852,9.425425
Endothelial,BC028528,0.68396336,7.780839
Endothelial,Abcb1a,0.6765412,9.910547
Endothelial,Tek,0.66777205,9.800267
Endothelial,Sox17,0.6511312,9.997252
Endothelial,Cdh5,0.6444973,8.413178
Endothelial,Hmcn1,0.6396306,7.945342
Endothelial,Pecam1,0.63923645,7.464121
Endothelial,Ets1,0.63347673,7.1313086
Endothelial,Foxq1,0.6328782,7.4805727
Endothelial,Ebf1,0.6267431,7.223808
Endothelial,9430020K01Rik,0.6140478,6.7351537
Endothelial,AU021092,0.60983264,9.4539995
Endothelial,Tmem204,0.6088905,8.088413
Endothelial,Icam2,0.59152865,9.6664915
Endothelial,Fn1,0.58942765,6.874051
Endothelial,Foxf2,0.588337,8.888606
Endothelial,Hspb1,0.5806786,7.9996266
Endothelial,Cyyr1,0.57228136,9.622316
Endothelial,Egfl7,0.56480515,6.1803713
Endothelial,C130074G19Rik,0.56190765,8.300065
Endothelial,Abcc9,0.5568742,8.935169
Endothelial,Emcn,0.55286384,7.372001
Endothelial,Klf2,0.55084217,6.556212
Endothelial,Slc7a1,0.5505203,5.9228883
Endothelial,Vwa1,0.54908276,6.179852
Endothelial,Car4,0.54806274,6.335033
Endothelial,Lsr,0.5465959,7.4932714
Endothelial,Acvrl1,0.54640174,8.203171
Endothelial,Srgn,0.543305,7.459326
Endothelial,Aplnr,0.5389678,8.39261
Ependymal,Dynlrb2,0.79485875,10.041478
Ependymal,Cfap126,0.7403521,9.661553
Ependymal,Calml4,0.710773,9.232364
Ependymal,Pifo,0.7101072,9.0166
Ependymal,2410004P03Rik,0.70027786,9.435065
Ependymal,Foxj1,0.6926177,8.713417
Ependymal,1700012B09Rik,0.6721128,10.969799
Ependymal,Lrrc23,0.6455099,8.936191
Ependymal,1700007K13Rik,0.64039135,8.336196
Ependymal,Fam216b,0.6274994,10.555654
Ependymal,Dmkn,0.6232893,9.840436
Ependymal,1700016K19Rik,0.6187194,7.8948507
Ependymal,Tmem212,0.61810064,10.758961
Ependymal,Ccdc153,0.6048889,11.354091
Ependymal,Dnali1,0.5979697,9.319214
Ependymal,1700001C02Rik,0.59388965,10.013475
Ependymal,Ak7,0.5934129,11.0151615
Ependymal,Dnah12,0.5911278,10.6839695
Ependymal,Cfap206,0.58094287,9.029933
Ependymal,Tctex1d4,0.5793468,11.497327
Ependymal,Cfap161,0.5750117,9.464021
Ependymal,Rsph1,0.5737041,7.49137
Ependymal,Rsph4a,0.5675934,9.096853
Ependymal,Ccdc108,0.56524765,9.490341
Ependymal,Ppp1r32,0.5608256,9.703431
Ependymal,Dnah6,0.559637,9.075167
Ependymal,Krt15,0.5575904,10.396687
Ependymal,Gm867,0.53816026,9.253188
Ependymal,Odf3b,0.5377531,8.06366
Ependymal,Enkur,0.5290383,7.3087506
Ependymal,3300002A11Rik,0.524895,10.906263
Ependymal,Lrrc74b,0.5215085,9.986889
Ependymal,Ccdc113,0.5192971,8.072606
Ependymal,4833427G06Rik,0.518657,10.286869
Ependymal,Mlf1,0.51298857,7.0102506
Ependymal,Morn5,0.511398,7.8540263
Ependymal,Meig1,0.5066992,6.988909
Ependymal,Wdr63,0.5041951,12.299101
Ependymal,Fam166b,0.49626616,9.067858
Ependymal,Crocc2,0.493142,10.295906
Ependymal,Folr1,0.49273062,8.343477
Ependymal,Spag17,0.492607,9.490411
Ependymal,1110017D15Rik,0.49063703,6.9436707
Ependymal,Tctex1d1,0.48910332,8.629265
Ependymal,Capsl,0.48035467,7.124861
Ependymal,Cfap77,0.47714284,8.008818
Ependymal,Hdc,0.47702682,7.980314
Ependymal,Got1l1,0.47622696,9.569591
Ependymal,Cfap52,0.47169146,10.049336
Ependymal,Lrrc34,0.46984518,9.460084
GABA,Gad2,0.31308344,7.4171267
GABA,Coro6,0.27602705,7.193811
GABA,Ankrd34b,0.26534396,5.7189636
GABA,Cox6a2,0.23599775,6.150694
GABA,Vip,0.21587443,6.632042
GABA,Cplx3,0.21403146,7.3455687
GABA,Hrh3,0.20565176,5.5637712
GABA,Etl4,0.20175011,5.374904
GABA,Htr3a,0.18524942,6.1833544
GABA,Erbb4,0.18307431,5.7890086
GABA,Kcns3,0.17596126,5.7384257
GABA,Kcnc2,0.17138955,5.539563
GABA,Krt73,0.16777597,7.0031414
GABA,Myl1,0.1543803,6.555658
GABA,Btbd11,0.1434083,5.234017
GABA,Gad1,0.14150828,5.857302
GABA,Dlx6os1,0.13964184,5.7755747
GABA,Lgi2,0.13259618,4.685948
GABA,Tnfaip8l3,0.12659052,5.028973
GABA,Slc32a1,0.123752266,5.8729672
GABA,Calcb,0.123239115,6.471792
GABA,Bmp3,0.116110116,4.9074783
GABA,Esrrg,0.109602615,4.571195
GABA,Nrsn2,0.10915045,4.6164703
GABA,Rbms3,0.107443005,4.865935
GABA,Scn1a,0.10439757,4.34928
GABA,Cntnap4,0.10275956,4.4440517
GABA,Crhbp,0.10128099,6.0525737
GABA,Nyap2,0.10023008,4.1987886
GABA,Necab1,0.097447746,4.201001
GABA,Rab3c,0.09730926,4.5361934
GABA,Adra1b,0.09187125,4.98638
GABA,Galntl6,0.09091608,4.374262
GABA,Dpp10,0.085769385,4.5892544
GABA,Scn5a,0.08436476,5.944607
GABA,Hcn1,0.08229356,4.229812
GABA,AI504432,0.081607126,3.9296942
GABA,Lamp5,0.08115048,4.424735
GABA,Esr1,0.080144666,5.1452637
GABA,Vstm2a,0.079526074,5.0030594
GABA,Dlx1as,0.07952433,5.4192996
GABA,Serpini1,0.07365627,4.3538766
GABA,Frmpd4,0.073410116,4.169499
GABA,Gm16275,0.072960064,6.3378673
GABA,Oxtr,0.0715609,4.8582506
GABA,Zmat4,0.07125568,4.126085
GABA,Nrxn3,0.070496835,4.976802
GABA,Pld5,0.06935896,4.7024717
GABA,Gm19589,0.06917144,22.03751
GABA,Gm16145,0.06917144,21.957115
GC-adult,Zmym1,0.4228169,3.668148
GC-adult,Rasl10a,0.30064577,3.6034083
GC-adult,Ntng1,0.29860818,3.0328748
GC-adult,Rassf8,0.28014237,3.2081323
GC-adult,C1ql3,0.2781078,3.6887643
GC-adult,Fam19a1,0.27634642,3.202561
GC-adult,PISD,0.26510334,2.6915417
GC-adult,Nptx1,0.24676855,3.2736332
GC-adult,St3gal1,0.24518815,3.333415
GC-adult,Gm10605,0.24252965,2.8838506
GC-adult,Slc30a3,0.23939717,3.1244118
GC-adult,Ano3,0.23380265,3.232466
GC-adult,Gm16105,0.22398958,2.8016589
GC-adult,Mkl2,0.2141133,2.94855
GC-adult,Camk2n1,0.21275666,3.1172454
GC-adult,Atp1a3,0.21130675,3.0975568
GC-adult,Stxbp6,0.21107058,2.6790383
GC-adult,Ncdn,0.20953582,3.5663147
GC-adult,Galnt1,0.20724636,2.2187462
GC-adult,Ddn,0.19291177,2.9731011
GC-adult,Agap2,0.19044296,2.4160907
GC-adult,Gas7,0.19010483,2.6484993
GC-adult,Acvr1c,0.18843193,2.9776134
GC-adult,Gm12056,0.18199676,4.5828347
GC-adult,Ptk2b,0.1781545,3.01086
GC-adult,Gng13,0.17584565,2.6596692
GC-adult,Slc24a5,0.17279842,2.0544753
GC-adult,Krt2,0.1720548,3.5144677
GC-adult,Ppp3r1,0.17096053,2.6779103
GC-adult,Scn2b,0.17087679,2.7108583
GC-adult,Phyhip,0.170681,2.637164
GC-adult,Ppp3ca,0.17037514,3.4546957
GC-adult,4430402I18Rik,0.16982089,2.253551
GC-adult,Plk5,0.16861044,2.966511
GC-adult,Ipcef1,0.16735536,3.0308645
GC-adult,Smad3,0.16721813,2.6743674
GC-adult,Ahcyl2,0.16426897,2.6760564
GC-adult,Hlf,0.16265315,2.420844
GC-adult,Nsf,0.15885994,2.6039915
GC-adult,A830018L16Rik,0.15749742,2.4430115
GC-adult,2900055J20Rik,0.15695997,2.2215607
GC-adult,Cplx2,0.15506318,2.6645687
GC-adult,Pcp4,0.15424377,3.1203609
GC-adult,Igf2bp3,0.15278299,1.7822573
GC-adult,Pnmal2,0.15248217,2.1590059
GC-adult,Slc12a5,0.15111959,2.4324534
GC-adult,Adcy1,0.15009555,2.7426562
GC-adult,Slc16a11,0.1489232,2.5594404
GC-adult,Camkk1,0.14806974,2.3569973
GC-adult,Grin2a,0.14699157,2.5606046
GC-juv,Calb1,0.50790614,4.110198
GC-juv,2010300C02Rik,0.42801014,3.7473598
GC-juv,Wipf3,0.40713316,3.6489012
GC-juv,Adcy1,0.40061796,3.7620013
GC-juv,Icam5,0.39884156,3.5598414
GC-juv,Rasgrf1,0.39120227,3.4788897
GC-juv,Camk2a,0.3769805,3.8457365
GC-juv,Ahcyl2,0.37106958,3.4211419
GC-juv,Btbd3,0.36879316,3.1788106
GC-juv,C1ql2,0.36464703,3.52156
GC-juv,Rogdi,0.3629457,2.9031985
GC-juv,Chn1,0.36285672,3.5784457
GC-juv,Sphkap,0.3620134,3.0622175
GC-juv,Rab40b,0.3536497,2.9451246
GC-juv,Plppr4,0.344786,3.6366398
GC-juv,Dbpht2,0.34200618,3.2826498
GC-juv,Tubgcp2,0.3363954,2.8205988
GC-juv,Ncdn,0.33548176,3.89171
GC-juv,Fam163b,0.33456528,3.068729
GC-juv,Pgbd5,0.33389983,3.0417812
GC-juv,Ncald,0.3335638,3.1313245
GC-juv,Ptk2b,0.33318967,3.5516508
GC-juv,Ndrg4,0.32906002,3.3940823
GC-juv,Camk2b,0.32827857,3.344397
GC-juv,Nefl,0.32739937,3.0103111
GC-juv,Gda,0.32739207,3.1112375
GC-juv,Kalrn,0.32642654,2.840448
GC-juv,Orai2,0.32338783,2.7350135
GC-juv,Atp1a1,0.32203606,2.633773
GC-juv,Syt7,0.3211983,2.808083
GC-juv,Dsp,0.31871942,3.7067192
GC-juv,Dgat2,0.31395018,2.7455225
GC-juv,AI593442,0.3094534,3.1116285
GC-juv,Rfx3,0.30892158,2.69105
GC-juv,Syt13,0.30718568,3.0630045
GC-juv,Fam131a,0.30136973,2.7618325
GC-juv,Ptprj,0.30082306,2.7742841
GC-juv,Rnf112,0.30013287,2.845449
GC-juv,Paqr9,0.2978571,2.6844082
GC-juv,Ryr2,0.2964486,2.9784875
GC-juv,Synpr,0.2961914,2.8919935
GC-juv,Rasgrf2,0.2955664,2.9539404
GC-juv,Cacna1e,0.2953134,2.7793734
GC-juv,Map2k1,0.29453018,2.5674987
GC-juv,Nsf,0.29390347,3.0555131
GC-juv,Slc17a7,0.29369935,3.2036636
GC-juv,Ak5,0.28981933,2.7745864
GC-juv,Grin2a,0.28348097,3.0541961
GC-juv,Lgi1,0.28240237,2.7400532
GC-juv,Pgm2l1,0.28214264,2.8872275
Immature-Astro,Pla2g3,0.3684195,5.7958636
Immature-Astro,Lxn,0.2566623,4.765836
Immature-Astro,Gm9881,0.25422996,5.8602085
Immature-Astro,Tnc,0.24879698,5.09585
Immature-Astro,Kcne1l,0.20884253,4.3775682
Immature-Astro,Id3,0.19094257,5.6979685
Immature-Astro,Cybrd1,0.18200815,4.446471
Immature-Astro,Emp2,0.17829178,4.049434
Immature-Astro,Mup6,0.1764678,7.000837
Immature-Astro,Acot1,0.17490543,4.253817
Immature-Astro,Fabp7,0.17261264,7.1951957
Immature-Astro,Eepd1,0.16861516,3.8738756
Immature-Astro,Etv4,0.15771624,4.1390452
Immature-Astro,Upp1,0.15755749,4.191998
Immature-Astro,Ncan,0.15328296,4.883238
Immature-Astro,Rbm46,0.15165783,4.213095
Immature-Astro,Cd44,0.13852032,4.0269732
Immature-Astro,Ednrb,0.13585036,4.669617
Immature-Astro,Tst,0.13512203,4.0889153
Immature-Astro,Sall3,0.13013728,3.9461718
Immature-Astro,Hes5,0.12978685,4.4103813
Immature-Astro,Nog,0.12677868,3.720852
Immature-Astro,Plat,0.121901706,3.5092273
Immature-Astro,9-Sep,0.1203917,3.1098456
Immature-Astro,Acadl,0.12010487,3.5544856
Immature-Astro,Tlcd1,0.1193537,3.8676987
Immature-Astro,Gng12,0.11858875,3.9002821
Immature-Astro,4933400C23Rik,0.1181508,5.7258997
Immature-Astro,Slc9a3r1,0.11656928,4.0532227
Immature-Astro,Id1,0.116237305,4.238914
Immature-Astro,Myom3,0.11011568,4.3933635
Immature-Astro,3110082J24Rik,0.10710732,3.5883958
Immature-Astro,Slc1a4,0.10435437,3.380762
Immature-Astro,Aldh1l1,0.10308354,4.020042
Immature-Astro,Cav1,0.10204415,3.7787125
Immature-Astro,Tnfrsf19,0.10081739,3.3135872
Immature-Astro,Cbr3,0.100811794,3.6483788
Immature-Astro,Mmp14,0.0923114,3.305601
Immature-Astro,4932438H23Rik,0.0918784,4.2138176
Immature-Astro,Emid1,0.09073815,3.7043772
Immature-Astro,Lrig1,0.08860515,3.5588155
Immature-Astro,Vcam1,0.08780951,3.7151053
Immature-Astro,Tnfaip8,0.08762338,3.409287
Immature-Astro,Nipal1,0.08731187,4.904127
Immature-Astro,Hsdl2,0.0868627,2.9001722
Immature-Astro,Nim1k,0.086468264,3.0680447
Immature-Astro,Gdpd2,0.08646109,3.682666
Immature-Astro,Nrarp,0.086005315,3.3304763
Immature-Astro,Lgals2,0.085370764,5.241339
Immature-Astro,Akr1b10,0.08530084,3.450604
Immature-GABA,Dlx2,0.5878275,6.5865846
Immature-GABA,Lhx6,0.5675422,6.9093633
Immature-GABA,Dlx5,0.5558854,7.176075
Immature-GABA,Dlx1,0.5533539,6.460168
Immature-GABA,Rpp25,0.53887236,6.384381
Immature-GABA,Npas1,0.4853232,6.1224375
Immature-GABA,Sp9,0.44888914,6.4185996
Immature-GABA,Slc32a1,0.43788093,6.428327
Immature-GABA,Npy,0.40210682,5.5794644
Immature-GABA,Sst,0.3946746,5.701606
Immature-GABA,Neb,0.3904003,6.2644243
Immature-GABA,Dlx6os1,0.31439635,5.8231406
Immature-GABA,Pnoc,0.30078772,5.2874546
Immature-GABA,Dlx6,0.29912192,6.084387
Immature-GABA,Cbln2,0.28831378,5.065372
Immature-GABA,Arx,0.28818488,4.285494
Immature-GABA,Igf1,0.28323066,5.364386
Immature-GABA,Nxph1,0.2806512,4.977948
Immature-GABA,Prok2,0.27857172,6.190778
Immature-GABA,Nxph2,0.27355835,5.266785
Immature-GABA,Cbln4,0.26660457,5.571987
Immature-GABA,Gad2,0.25268495,5.7044344
Immature-GABA,AW551984,0.24943916,3.913155
Immature-GABA,Cort,0.24759392,4.6502604
Immature-GABA,Kcnmb2,0.24663197,4.4427958
Immature-GABA,Klf5,0.23789164,4.5455885
Immature-GABA,Edaradd,0.23597325,5.0907006
Immature-GABA,Tac1,0.23000975,5.054601
Immature-GABA,Cited2,0.20084599,3.3049788
Immature-GABA,Cux2,0.18784249,3.9313004
Immature-GABA,Dusp26,0.18218787,3.205867
Immature-GABA,Gad1,0.17562939,3.8413284
Immature-GABA,Ubash3b,0.17439634,3.0963356
Immature-GABA,Rasgrp2,0.16451475,3.3156466
Immature-GABA,Grik1,0.16057807,4.7468266
Immature-GABA,Dpp10,0.16005048,3.903654
Immature-GABA,Nrxn3,0.1590509,3.6440208
Immature-GABA,1810011O10Rik,0.15898204,4.2476473
Immature-GABA,Rab3b,0.15886533,3.1796002
Immature-GABA,Erbb4,0.15206699,4.339353
Immature-GABA,Ngf,0.14956734,3.955522
Immature-GABA,Akr1c18,0.14551044,24.411907
Immature-GABA,Akap7,0.14400853,2.966385
Immature-GABA,Rbms3,0.1433811,3.6587126
Immature-GABA,Maf,0.14190932,4.270268
Immature-GABA,Tmem130,0.14001565,3.0720313
Immature-GABA,Ibsp,0.13978243,7.327522
Immature-GABA,Vstm2a,0.13648593,3.4097133
Immature-GABA,RP23-353F16.3,0.13453732,8.379264
Immature-GABA,Arl4c,0.13350837,3.0323954
Immature-GC,Crabp1,0.3425215,4.068547
Immature-GC,Gal,0.2773227,3.8443937
Immature-GC,Sstr2,0.24548757,2.8874507
Immature-GC,Rerg,0.23333317,2.7290766
Immature-GC,Ptpro,0.22814131,2.524821
Immature-GC,Neurod1,0.22022906,3.0156152
Immature-GC,Adamts18,0.19739048,2.9850554
Immature-GC,Rwdd3,0.19183536,2.2857215
Immature-GC,Cntnap2,0.19148895,2.4255
Immature-GC,Ppp1r14c,0.17984751,2.271033
Immature-GC,Prox1,0.17215179,2.7166991
Immature-GC,Gm11837,0.166557,2.4006078
Immature-GC,Pappa2,0.16578735,3.447166
Immature-GC,Igsf3,0.15520075,2.0548675
Immature-GC,Tspan18,0.14855655,2.0760791
Immature-GC,Cntnap5a,0.14260691,2.2895706
Immature-GC,Dab1,0.13689846,1.7663208
Immature-GC,Gm17590,0.13523047,3.4354317
Immature-GC,Glra2,0.13515072,2.199393
Immature-GC,Gm17750,0.13413082,2.1301026
Immature-GC,Pik3r1,0.12799853,1.7377701
Immature-GC,Gm13219,0.12741123,4.1849675
Immature-GC,Hecw1,0.12482813,1.8590637
Immature-GC,Islr2,0.12201958,2.0954492
Immature-GC,Bhlhe22,0.120379634,2.064005
Immature-GC,Tmem159,0.118087515,1.8989516
Immature-GC,Rgs6,0.11765469,2.1265924
Immature-GC,Nrp2,0.11586332,1.8659139
Immature-GC,Sec14l3,0.111875765,3.1595347
Immature-GC,Cygb,0.108061545,1.7882322
Immature-GC,Ablim3,0.107630216,1.9256947
Immature-GC,Kcnk1,0.10749984,1.725749
Immature-GC,Ccdc28b,0.1049715,1.4995668
Immature-GC,Syt2,0.104769744,2.972684
Immature-GC,Plxna2,0.10425558,1.6459341
Immature-GC,Banp,0.103912406,1.6163685
Immature-GC,Pvrl1,0.10385681,1.7383431
Immature-GC,Sapcd1,0.102398045,2.4483643
Immature-GC,Sema3c,0.101035416,2.0461214
Immature-GC,Ebf2,0.10096567,3.3622391
Immature-GC,Kitl,0.09990173,2.1389062
Immature-GC,Sema5a,0.09965205,1.976047
Immature-GC,Impg2,0.09720993,3.1865737
Immature-GC,Pak7,0.096002534,1.5632463
Immature-GC,Hist3h2ba,0.095658034,1.6080452
Immature-GC,Zfpm2,0.094941765,1.7004724
Immature-GC,Sh3kbp1,0.09359103,1.5189334
Immature-GC,Nav1,0.091513745,1.5510384
Immature-GC,Ssx2ip,0.09018783,1.5276208
Immature-GC,Igfbpl1,0.089900404,2.5008223
Immature-Pyr,Neurod6,0.7494721,5.3242736
Immature-Pyr,Runx1t1,0.65524536,4.667888
Immature-Pyr,Gap43,0.5670396,4.5480156
Immature-Pyr,Crym,0.53038234,3.5234628
Immature-Pyr,Syt4,0.5272055,3.5177686
Immature-Pyr,Dpysl3,0.48745176,3.6611817
Immature-Pyr,Clmp,0.4836871,3.55125
Immature-Pyr,Cd24a,0.47588047,4.0707793
Immature-Pyr,Tubb3,0.4666812,4.2394
Immature-Pyr,Mgst3,0.4500635,2.7381613
Immature-Pyr,Rac3,0.44255152,3.2857535
Immature-Pyr,Rprm,0.44111824,2.920307
Immature-Pyr,Stmn2,0.4405655,4.4433627
Immature-Pyr,Abracl,0.43711677,2.8625302
Immature-Pyr,Lpl,0.43582347,3.2309422
Immature-Pyr,Cntn2,0.43346593,3.4207342
Immature-Pyr,Nrp1,0.43251744,3.062557
Immature-Pyr,Rnf182,0.4316925,2.7142122
Immature-Pyr,Dpysl5,0.41724697,2.8799448
Immature-Pyr,Nr4a3,0.40508053,3.204802
Immature-Pyr,Crmp1,0.40090394,2.9642718
Immature-Pyr,Mapt,0.38895887,3.1266553
Immature-Pyr,Bcl11a,0.38765272,2.6695998
Immature-Pyr,Meis2,0.38215154,2.8637793
Immature-Pyr,Klf7,0.37283596,2.4946394
Immature-Pyr,Grp,0.37047702,2.952469
Immature-Pyr,Pafah1b3,0.36895868,2.7321975
Immature-Pyr,Shtn1,0.3644183,2.594189
Immature-Pyr,Csrp2,0.36389202,2.7256322
Immature-Pyr,Lmo1,0.35775328,2.5614374
Immature-Pyr,Uchl1,0.35625404,2.61767
Immature-Pyr,Foxp1,0.3556659,2.4029999
Immature-Pyr,Ppp2r2b,0.35420954,2.6075733
Immature-Pyr,Msra,0.34953266,2.264956
Immature-Pyr,Nrep,0.34638742,2.6684418
Immature-Pyr,Serf1,0.34461087,2.6953278
Immature-Pyr,Atat1,0.34245485,2.3380682
Immature-Pyr,Nans,0.33896145,2.3904867
Immature-Pyr,Slc16a2,0.33306092,2.1634245
Immature-Pyr,Nsg1,0.3297003,2.6916187
Immature-Pyr,Svbp,0.32661304,2.3181581
Immature-Pyr,Sbk1,0.32632732,2.3316982
Immature-Pyr,Bzw2,0.32604685,2.340133
Immature-Pyr,Hn1,0.31843913,3.0208704
Immature-Pyr,Dcx,0.31756625,2.6755912
Immature-Pyr,L1cam,0.3168767,2.5148978
Immature-Pyr,Trappc4,0.31659022,2.0875635
Immature-Pyr,Idh1,0.3156577,2.2370477
Immature-Pyr,Lmo4,0.31376517,2.1724942
Immature-Pyr,Trim67,0.3121821,2.7128882
MOL,Ermn,0.90188247,10.172466
MOL,Mog,0.8882276,10.149477
MOL,Mobp,0.8626067,9.131569
MOL,Opalin,0.85063577,10.329514
MOL,Mal,0.84752667,9.730414
MOL,Tspan2,0.82588905,8.492838
MOL,Mag,0.81932956,9.064345
MOL,Tmem88b,0.8065956,8.544264
MOL,Nkx6-2,0.7916719,9.682861
MOL,Ugt8a,0.7422914,8.330086
MOL,Cldn11,0.72808856,9.239003
MOL,Ppp1r14a,0.72298,7.219818
MOL,Gjb1,0.7077289,9.0574255
MOL,Fa2h,0.70614046,7.949325
MOL,Aspa,0.701226,8.148215
MOL,Plp1,0.6687052,10.901986
MOL,Plekhh1,0.6643348,7.945009
MOL,Gjc2,0.66194904,8.45934
MOL,Tmem125,0.6572337,8.859381
MOL,4-Sep,0.6172341,6.82515
MOL,Car14,0.6078172,7.4251423
MOL,Pdlim2,0.5951303,6.344638
MOL,Hapln2,0.5937587,8.746658
MOL,Enpp2,0.58252287,6.9076586
MOL,Grb14,0.5778592,5.9294405
MOL,Gsn,0.5761654,6.5582027
MOL,Lpar1,0.5605677,6.587246
MOL,Elovl7,0.55688256,6.585988
MOL,Sytl2,0.53264,6.118912
MOL,Cnp,0.5318771,7.604529
MOL,Trf,0.5171709,7.2419696
MOL,Galnt6,0.51133156,8.995776
MOL,Adamts4,0.5050582,6.535638
MOL,Ptgds,0.4957126,6.874598
MOL,1700047M11Rik,0.47258204,6.3697124
MOL,Mbp,0.4661945,7.6619263
MOL,Ninj2,0.4598188,6.946138
MOL,Myrf,0.45843774,6.670747
MOL,Hhip,0.446772,6.2075715
MOL,Qdpr,0.4451343,5.3631935
MOL,Nipal4,0.44474185,8.482626
MOL,Erbb3,0.4365995,6.658257
MOL,Pigz,0.4337873,5.336902
MOL,Slc12a2,0.42706847,5.175365
MOL,Smim1,0.4241327,5.58986
MOL,S1pr5,0.42409772,5.275562
MOL,Cryab,0.4166048,6.340136
MOL,Prr5l,0.4111921,5.9312253
MOL,Unc5b,0.41107187,5.701777
MOL,Epb41l3,0.41076183,4.9106464
MiCajal-Retziusoglia,P2ry12,0.8649895,9.791176
MiCajal-Retziusoglia,Gpr34,0.8375869,9.958597
MiCajal-Retziusoglia,Cx3cr1,0.833205,9.73695
MiCajal-Retziusoglia,Hexb,0.79764533,8.877669
MiCajal-Retziusoglia,Ctss,0.7961917,9.44607
MiCajal-Retziusoglia,Trem2,0.7849353,9.068587
MiCajal-Retziusoglia,Selplg,0.7634111,9.187056
MiCajal-Retziusoglia,Laptm5,0.7511239,8.934772
MiCajal-Retziusoglia,Tmem119,0.7368072,8.83216
MiCajal-Retziusoglia,Csf1r,0.73275703,9.21973
MiCajal-Retziusoglia,Cd53,0.7118275,9.035422
MiCajal-Retziusoglia,Siglech,0.7045176,9.498714
MiCajal-Retziusoglia,C1qa,0.69894886,9.596734
MiCajal-Retziusoglia,C1qb,0.69420815,9.337508
MiCajal-Retziusoglia,Ly86,0.6829788,9.123433
MiCajal-Retziusoglia,Bin2,0.6787807,9.514036
MiCajal-Retziusoglia,C1qc,0.6690594,9.357963
MiCajal-Retziusoglia,Crybb1,0.66885823,8.6805
MiCajal-Retziusoglia,Pld4,0.6610842,8.728802
MiCajal-Retziusoglia,Aif1,0.65383065,7.5725884
MiCajal-Retziusoglia,Tyrobp,0.64980954,8.999221
MiCajal-Retziusoglia,Fcrls,0.63546455,8.689731
MiCajal-Retziusoglia,Olfml3,0.6337793,7.6382604
MiCajal-Retziusoglia,Ccr5,0.6231338,8.9561
MiCajal-Retziusoglia,AF251705,0.6106641,9.309504
MiCajal-Retziusoglia,Lpcat2,0.6106627,7.739432
MiCajal-Retziusoglia,P2ry13,0.610416,8.688282
MiCajal-Retziusoglia,Irf8,0.59385353,7.6214986
MiCajal-Retziusoglia,Fcer1g,0.58772075,8.5795355
MiCajal-Retziusoglia,Spi1,0.58268464,8.462011
MiCajal-Retziusoglia,Itgam,0.58085877,8.790642
MiCajal-Retziusoglia,Ltc4s,0.5788395,8.241341
MiCajal-Retziusoglia,Cd52,0.5751378,8.719503
MiCajal-Retziusoglia,Bcl2a1b,0.5737186,8.8770895
MiCajal-Retziusoglia,Abi3,0.5676652,8.779882
MiCajal-Retziusoglia,Vsir,0.5622477,6.9679346
MiCajal-Retziusoglia,Mpeg1,0.55843294,8.797944
MiCajal-Retziusoglia,Unc93b1,0.5479184,7.4135256
MiCajal-Retziusoglia,Ccl4,0.5477465,9.01587
MiCajal-Retziusoglia,Fcgr3,0.54200953,8.199143
MiCajal-Retziusoglia,Gngt2,0.5341055,7.343852
MiCajal-Retziusoglia,Rhoh,0.5282432,8.851894
MiCajal-Retziusoglia,Fgd2,0.5201969,7.6600795
MiCajal-Retziusoglia,Rgs1,0.51654094,8.899403
MiCajal-Retziusoglia,Apbb1ip,0.511875,7.6960735
MiCajal-Retziusoglia,Plek,0.51174045,7.0923047
MiCajal-Retziusoglia,Rac2,0.50067276,8.034984
MiCajal-Retziusoglia,Ikzf1,0.49496084,8.395083
MiCajal-Retziusoglia,Cryba4,0.4885478,8.369784
MiCajal-Retziusoglia,Gna15,0.48475832,8.5352335
NFOL,Bmp4,0.6881042,8.876209
NFOL,Enpp6,0.64481515,8.585208
NFOL,Bcas1,0.46028778,7.485635
NFOL,Bfsp2,0.39702165,6.826154
NFOL,Lims2,0.34734577,7.3397036
NFOL,Itgb7,0.33748502,8.23668
NFOL,Brca1,0.2943439,5.709358
NFOL,Gm43861,0.29075685,10.743506
NFOL,Dct,0.26851183,6.7205048
NFOL,Rassf10,0.26300386,6.0521703
NFOL,Gpr17,0.25914225,7.6884527
NFOL,Lrat,0.25856367,6.631019
NFOL,Matn1,0.25678182,8.185074
NFOL,Gm16058,0.25377408,9.388424
NFOL,Plxnb3,0.24279776,6.2317104
NFOL,Kif19a,0.23123547,5.3868465
NFOL,Chn2,0.21509318,5.3307056
NFOL,Pak4,0.21461362,5.225507
NFOL,Nkx2-2,0.19558397,5.8707476
NFOL,Neu4,0.19517797,6.884774
NFOL,Dusp9,0.18849823,6.528375
NFOL,Epcam,0.18367487,5.313135
NFOL,Slc5a7,0.17845625,6.133922
NFOL,Smok3c,0.17777275,9.379355
NFOL,Srpk3,0.17173459,5.9206214
NFOL,Ptger1,0.16241138,5.8921094
NFOL,Ust,0.16043447,4.6957116
NFOL,Sh3bp4,0.15995751,4.794119
NFOL,Arhgap24,0.15844792,4.922941
NFOL,Col9a3,0.15556923,4.8232083
NFOL,Sema3d,0.15228227,5.5596237
NFOL,Tns3,0.14632508,4.987603
NFOL,Cnksr3,0.13526121,4.919746
NFOL,Tmem40,0.1308126,5.3425503
NFOL,Sirt2,0.13071713,6.179989
NFOL,Tcf7l2,0.12664448,4.9263353
NFOL,Fyn,0.12355923,5.3453054
NFOL,Slc44a1,0.1176027,4.9663734
NFOL,Epb41l2,0.11148968,4.9375377
NFOL,Prkcq,0.10652321,5.093161
NFOL,Cyp2j6,0.10500495,4.55019
NFOL,Chst3,0.10270147,4.7881575
NFOL,Wfdc12,0.10140555,7.1169014
NFOL,Serpind1,0.10121089,6.092475
NFOL,Gp1bb,0.10041554,3.890322
NFOL,Slc22a23,0.09966454,4.2339225
NFOL,Tnr,0.09563728,5.232736
NFOL,9530059O14Rik,0.095270865,4.101415
NFOL,Mpzl1,0.094311416,4.7038226
NFOL,Gm28289,0.09245772,23.89861
Neuroblast,Mfap4,0.3961583,4.8874183
Neuroblast,Tac2,0.3687494,5.15057
Neuroblast,Eomes,0.33105397,5.216131
Neuroblast,Scrt2,0.29226324,3.853235
Neuroblast,Nhlh1,0.28779918,4.2404947
Neuroblast,Cdk2ap1,0.21225667,3.2453182
Neuroblast,Neurod4,0.20589438,5.1048245
Neuroblast,Emx1,0.19051021,3.0029018
Neuroblast,Gm29771,0.17980564,5.9993954
Neuroblast,Cd1d1,0.17485958,3.1950915
Neuroblast,Rcor2,0.1653829,2.7808383
Neuroblast,Neurog2,0.14863537,3.5618722
Neuroblast,Dusp14,0.146278,2.7153258
Neuroblast,Igfbpl1,0.14492783,4.3309216
Neuroblast,Mdk,0.14317413,3.329594
Neuroblast,Mfng,0.14223133,3.5184026
Neuroblast,Gm11266,0.13382302,2.6628346
Neuroblast,Gm13589,0.13285348,3.494518
Neuroblast,Neurod1,0.13221228,3.1746268
Neuroblast,Gm26735,0.1309723,2.5944602
Neuroblast,Sox4,0.1295287,3.6412723
Neuroblast,Myo1a,0.117673844,4.4189525
Neuroblast,Calb2,0.117044374,2.8330383
Neuroblast,Ttc28,0.114704356,2.6565204
Neuroblast,Igdcc3,0.10608775,2.695274
Neuroblast,Chd7,0.10444417,2.6413617
Neuroblast,Vps37b,0.10119509,2.1550877
Neuroblast,Mfap2,0.09855794,2.4237056
Neuroblast,Frmd4b,0.09806787,2.123145
Neuroblast,Gm15594,0.093729176,2.2949698
Neuroblast,Mex3a,0.08949223,2.317246
Neuroblast,Gm38399,0.0892324,3.3233144
Neuroblast,Sox11,0.08854327,3.6590734
Neuroblast,Thtpa,0.08626351,2.067638
Neuroblast,Ezr,0.084189564,2.5132847
Neuroblast,Klhl35,0.08403193,3.0141032
Neuroblast,Ier5,0.08295604,2.0513842
Neuroblast,Serping1,0.08096081,2.839786
Neuroblast,Gm5860,0.079700164,4.3679237
Neuroblast,Igsf8,0.07828904,1.8761352
Neuroblast,Nfix,0.07676692,2.8329701
Neuroblast,Flrt1,0.076275066,2.230225
Neuroblast,Fam60a,0.07505136,2.0530634
Neuroblast,Tspan4,0.073466316,2.1078937
Neuroblast,Syt2,0.07309337,2.9336026
Neuroblast,Abcb9,0.072880335,2.3885944
Neuroblast,Them5,0.07121048,4.6733775
Neuroblast,Hmgb3,0.070821516,2.3761134
Neuroblast,Lhx2,0.07020695,2.1574311
Neuroblast,Cdk4,0.069944784,2.2254412
OPC,Pdgfra,0.84466124,8.964596
OPC,Lhfpl3,0.72328055,7.3877563
OPC,C1ql1,0.6846023,7.154087
OPC,Cspg4,0.5508023,6.7780385
OPC,Olig2,0.5029006,6.27784
OPC,Matn4,0.40959832,5.102288
OPC,Pcdh15,0.40886766,4.8751254
OPC,Mmp15,0.39957666,4.8232408
OPC,Olig1,0.38502356,6.5265713
OPC,Tmem255b,0.38470128,8.12784
OPC,Fam89a,0.35790837,6.3403893
OPC,Brinp3,0.35526878,4.636857
OPC,Cacng4,0.35463586,4.643606
OPC,Prkg2,0.3288368,6.128395
OPC,Neu4,0.32129,6.5038795
OPC,Shc4,0.31411368,5.4739513
OPC,Sox10,0.3089521,5.847543
OPC,Gpr17,0.3035437,6.4246354
OPC,Xylt1,0.2971349,4.5807276
OPC,Pcdh11x,0.29610443,4.2137456
OPC,Pnlip,0.28845862,6.810355
OPC,G0s2,0.28662226,4.587728
OPC,Pid1,0.27420804,4.1653748
OPC,Caskin2,0.27216116,4.6067414
OPC,Lbh,0.26638952,4.0576735
OPC,Ntn1,0.2615322,4.998506
OPC,Arhgap31,0.26008093,4.703986
OPC,Calcrl,0.25366363,4.67484
OPC,Gsx1,0.25115985,6.8761864
OPC,Cdo1,0.25090462,4.1342955
OPC,Susd5,0.24610896,5.933131
OPC,Galnt10,0.24406254,4.3732843
OPC,Megf11,0.23818749,4.4080544
OPC,A930009A15Rik,0.23674697,5.8008366
OPC,Sapcd2,0.23601823,4.659476
OPC,S100a3,0.23229446,5.5281134
OPC,Chrna4,0.23202965,4.3330626
OPC,Tmem100,0.23027344,4.544937
OPC,Fam19a4,0.22855158,6.8707175
OPC,Stk32a,0.22305134,5.3006454
OPC,Lnx1,0.22109061,4.35933
OPC,Chst5,0.21907465,5.2382164
OPC,Itga9,0.21845439,4.7806807
OPC,Smoc1,0.21070819,4.1038136
OPC,Spry1,0.20442529,3.6564221
OPC,Irx1,0.20145056,7.3352027
OPC,Rbpjl,0.20084032,5.352096
OPC,Car8,0.19953083,4.4206424
OPC,Cobl,0.1982744,4.599693
OPC,Vcan,0.19431081,3.930755
PVM,Pf4,0.87739885,12.568842
PVM,F13a1,0.85653603,12.697088
PVM,Mrc1,0.83883166,11.517379
PVM,Ms4a7,0.82662165,13.556779
PVM,Ccl24,0.7605913,12.16465
PVM,Cd209f,0.73695904,12.62305
PVM,Clec4n,0.7346789,13.390146
PVM,Cbr2,0.6996577,12.212391
PVM,Ms4a6c,0.69444156,10.063117
PVM,Lyve1,0.68843305,10.902346
PVM,Cd36,0.65796214,11.600394
PVM,Lyz2,0.6487558,10.581466
PVM,Cybb,0.640722,11.604751
PVM,Ccl7,0.62780213,11.128928
PVM,Folr2,0.6041055,10.028986
PVM,Wfdc17,0.578436,10.672309
PVM,Cd163,0.568789,10.5131445
PVM,Stab1,0.5498582,9.221389
PVM,Fcna,0.5463132,11.561788
PVM,Clec4a1,0.54294544,10.300324
PVM,Cd209g,0.54074955,12.336634
PVM,C5ar1,0.51700974,9.429888
PVM,Ms4a6b,0.5117952,8.994126
PVM,AI607873,0.49967828,12.783095
PVM,Tgfbi,0.48553103,8.96862
PVM,F630028O10Rik,0.4853428,11.041593
PVM,Ccl2,0.43498617,9.06108
PVM,Msr1,0.42593852,11.97353
PVM,Cxcl2,0.41659868,9.119035
PVM,Cd209a,0.41476256,11.147601
PVM,Lilra5,0.40216246,28.364187
PVM,Fcgr2b,0.4015111,7.9234524
PVM,Cd209b,0.37731025,11.824203
PVM,Gm454,0.37170637,28.190092
PVM,Ifi202b,0.35531276,9.371274
PVM,Lilrb4a,0.35435265,9.343392
PVM,Clec10a,0.34606534,7.829617
PVM,Tcf24,0.34292993,8.096928
PVM,Tmem106a,0.33690858,7.860385
PVM,Ms4a6d,0.33460838,8.265612
PVM,Slfn2,0.3329743,8.259596
PVM,Clec12a,0.32576782,9.910158
PVM,Ms4a4a,0.32477,12.634453
PVM,Adam33,0.31870311,9.089639
PVM,Tslp,0.31796154,7.085394
PVM,Dab2,0.31102532,8.059197
PVM,Ccl8,0.30569005,10.916798
PVM,Dok2,0.29582798,8.219799
PVM,Cd28,0.29352394,10.220694
PVM,Timd4,0.29162195,27.054783
RGL,Hopxos,0.2696065,6.7218575
RGL,Gm10561,0.11340701,5.155372
RGL,Rorc,0.10386704,5.7327785
RGL,Itih3,0.10169196,5.147846
RGL,Notch2,0.092886314,4.8733616
RGL,Birc7,0.07513852,5.577588
RGL,Gm3235,0.07088812,23.071257
RGL,Gm10685,0.07088812,22.53284
RGL,Gm12867,0.07088812,22.90337
RGL,1700123L14Rik,0.07088812,22.875746
RGL,Trim34b,0.07088812,23.242002
RGL,Gm16024,0.07088812,23.07158
RGL,4930544I03Rik,0.07088812,23.016405
RGL,4930453H23Rik,0.07088812,23.220856
RGL,Art5,0.06701764,6.2149625
RGL,Ppef2,0.06243685,5.1821604
RGL,Gm20652,0.061963443,6.602561
RGL,Gli1,0.06158696,4.7824078
RGL,Gm9922,0.058806747,7.243667
RGL,AI838599,0.058361452,5.4408693
RGL,Mr1,0.0580433,4.2171392
RGL,Gbp10,0.05334774,7.563139
RGL,4931403M11Rik,0.05275603,7.529653
RGL,Gm37362,0.05181216,7.563128
RGL,Hopx,0.04924649,4.6587453
RGL,Gm26867,0.04890375,6.0094757
RGL,Gm13152,0.047065746,6.6316094
RGL,Gm12532,0.04657678,5.487909
RGL,Riiad1,0.045970872,4.2963657
RGL,Gm5248,0.045795523,6.886519
RGL,Platr31,0.045567647,6.995867
RGL,Gucy2d,0.044641215,6.828131
RGL,Gm16069,0.044228937,6.3523197
RGL,Thrsp,0.04386493,4.5848193
RGL,Gm16272,0.043103755,6.0278487
RGL,Gm43400,0.042893626,6.1442504
RGL,Gm13832,0.04149529,6.614547
RGL,Hist2h2aa1,0.04149245,3.9898775
RGL,Gm13134,0.04108749,6.585453
RGL,Gm13402,0.040853783,5.996806
RGL,Gm15247,0.040002152,4.2266173
RGL,Gm16494,0.039482735,5.909193
RGL,Tgm1,0.03895373,6.5423255
RGL,Cables1,0.038041312,3.4683971
RGL,Gm14453,0.037436835,6.1807747
RGL,Gm14662,0.037296697,4.8117285
RGL,Gm26775,0.036363382,4.803098
RGL,C030018K13Rik,0.036328994,4.2433186
RGL,1700019D03Rik,0.036015026,3.2920032
RGL,Entpd2,0.035447538,3.9411757
RGL_young,Veph1,0.24418664,4.786323
RGL_young,Tfap2c,0.22094376,4.752674
RGL_young,Fam210b,0.21334292,3.9294937
RGL_young,Pdlim3,0.21076179,4.867808
RGL_young,Ccdc80,0.18957168,4.5714293
RGL_young,Myl9,0.17862432,4.4332333
RGL_young,Gdf10,0.17437147,3.785522
RGL_young,1500015O10Rik,0.17032203,4.795311
RGL_young,Gas1,0.16692764,4.2175093
RGL_young,Fbln2,0.15198347,4.355071
RGL_young,Wnt8b,0.13336228,4.588553
RGL_young,Rhcg,0.1256056,4.465232
RGL_young,Cyr61,0.1210777,4.0433044
RGL_young,Has2,0.112867214,4.6407022
RGL_young,Samd5,0.11082516,3.4968057
RGL_young,Tnc,0.108975686,4.2036533
RGL_young,Vim,0.10729436,3.8619564
RGL_young,Fabp7,0.103496164,5.8416786
RGL_young,Gm44201,0.099026494,4.9390683
RGL_young,Opn1sw,0.097539224,4.7907696
RGL_young,Acot1,0.09544232,3.6377432
RGL_young,Gem,0.09523482,3.619676
RGL_young,Slc2a9,0.09317595,3.7626092
RGL_young,Bcl2,0.09285552,3.1241224
RGL_young,E130114P18Rik,0.08523997,3.4269443
RGL_young,Fam167a,0.08355895,3.7979827
RGL_young,Adgrv1,0.08315264,3.470164
RGL_young,Fos,0.08314415,3.7126331
RGL_young,Sfrp1,0.08274153,3.1168008
RGL_young,Rbp4,0.08086072,3.5329015
RGL_young,Nme7,0.08067455,2.7549176
RGL_young,Vnn1,0.08064798,4.7276897
RGL_young,Psph,0.08021706,2.964209
RGL_young,Ung,0.07944412,3.2302313
RGL_young,Ptx3,0.07752302,3.0055487
RGL_young,Galnt15,0.07596598,3.8415055
RGL_young,Hes5,0.07555601,3.7616527
RGL_young,Pter,0.07513122,3.4269109
RGL_young,Abca6,0.07291475,3.9822338
RGL_young,Loxl1,0.07267031,3.3975055
RGL_young,Phgdh,0.071887106,3.410591
RGL_young,Emid1,0.07152646,3.4642282
RGL_young,E330013P04Rik,0.06739291,3.3275506
RGL_young,Fzd1,0.06706698,2.692058
RGL_young,Cyp1b1,0.065823056,3.5444324
RGL_young,2810459M11Rik,0.06499299,3.2586343
RGL_young,Trip6,0.063808426,3.205387
RGL_young,Cdh4,0.06328756,3.0943353
RGL_young,Dbi,0.062998936,4.745475
RGL_young,Pax6,0.061592657,3.1507273
VLMC,Slc6a13,0.8589446,11.218123
VLMC,Col3a1,0.84280664,10.779458
VLMC,Col1a2,0.8238887,10.499281
VLMC,Slc22a6,0.81088054,12.651014
VLMC,Col1a1,0.780204,9.786394
VLMC,Aldh1a2,0.754583,11.484491
VLMC,Igf2,0.7136654,9.490313
VLMC,Dcn,0.6968261,9.030556
VLMC,Tbx18,0.6794513,9.3699875
VLMC,Pcolce,0.65188277,9.10873
VLMC,Crabp2,0.5936439,8.74891
VLMC,Emp3,0.5578626,8.418916
VLMC,Lum,0.5387852,7.759166
VLMC,Mrgprf,0.532674,10.00425
VLMC,Asgr1,0.5299941,9.527035
VLMC,Col6a1,0.5285084,7.7363176
VLMC,Gjb2,0.5237805,7.967939
VLMC,H19,0.5141621,7.9245315
VLMC,Osr1,0.511463,7.7253513
VLMC,a,0.5088167,9.417238
VLMC,Cmbl,0.4923357,7.2533917
VLMC,Col6a3,0.48876396,7.6622324
VLMC,Nupr1,0.47937348,7.6671424
VLMC,Slc6a20a,0.4662529,8.098842
VLMC,Edn3,0.45168293,8.091592
VLMC,Gpc3,0.44769606,6.9058657
VLMC,Slc13a4,0.4459806,8.377936
VLMC,Lox,0.4306887,8.404131
VLMC,Fmod,0.42167968,8.037765
VLMC,Wnt6,0.41430277,8.557304
VLMC,Vtn,0.40712738,8.857968
VLMC,Wdr86,0.393695,8.38067
VLMC,Colec12,0.39284068,7.551593
VLMC,Lrrc17,0.3800385,7.770432
VLMC,Aebp1,0.37922657,7.016094
VLMC,Col13a1,0.37619483,7.338373
VLMC,Rbp1,0.37554845,7.2819066
VLMC,Sphk1,0.3684291,7.3944173
VLMC,Ifitm1,0.36611918,7.6123953
VLMC,Col4a6,0.35604975,7.275157
VLMC,Il13ra2,0.35387793,12.772518
VLMC,Col18a1,0.35163411,6.864264
VLMC,Col6a2,0.3486217,6.8346696
VLMC,Nid2,0.3451734,6.5589776
VLMC,Fam180a,0.34297898,10.072903
VLMC,Foxc2,0.33384886,8.990045
VLMC,Vamp5,0.32980597,6.885986
VLMC,Tmem45a,0.32618245,7.2452135
VLMC,Rcn3,0.32010403,6.206947
VLMC,Bmp5,0.31789622,7.0978146
nIPC,2810417H13Rik,0.279083,6.6675725
nIPC,Arhgap11a,0.25979787,5.34763
nIPC,Ube2c,0.24724169,6.3455563
nIPC,Spc25,0.24575795,6.078688
nIPC,Top2a,0.24490626,6.309974
nIPC,Hmmr,0.23951255,5.865999
nIPC,Casc5,0.2251821,5.804163
nIPC,Cenpe,0.22403757,5.5524564
nIPC,Cenpa,0.22228982,5.9622936
nIPC,Lockd,0.21970707,5.704051
nIPC,Mis18bp1,0.21441045,5.6296906
nIPC,Cdca3,0.21222362,5.910369
nIPC,Birc5,0.21156408,5.9356213
nIPC,Ccna2,0.21062168,5.868714
nIPC,Ect2,0.20765086,5.491191
nIPC,Tpx2,0.20432116,5.6262813
nIPC,Cks2,0.20348522,5.865343
nIPC,Sgol2a,0.20157579,5.4477324
nIPC,Ccnb1,0.20028575,5.882772
nIPC,Gm6594,0.20013417,5.0248404
nIPC,Sgol1,0.19893162,5.6373405
nIPC,Knstrn,0.19886687,5.5236163
nIPC,Cdc20,0.1930636,5.7154036
nIPC,Neil3,0.19176051,5.5501747
nIPC,Kif23,0.19083688,5.6168857
nIPC,Cenpf,0.18838893,5.5023174
nIPC,Cdca2,0.18739897,5.570702
nIPC,Ccnb2,0.1872125,5.5076456
nIPC,Rrm2,0.18537942,5.0239005
nIPC,Cep55,0.1849534,5.5755563
nIPC,Fbxo5,0.18399733,4.9147887
nIPC,Hist1h2ak,0.18318154,5.6777043
nIPC,Gas2l3,0.18208036,5.173976
nIPC,Gm10282,0.18106385,4.4630685
nIPC,Nusap1,0.18059349,5.16454
nIPC,Cdca8,0.17932582,5.5066047
nIPC,Kifc1,0.17710397,5.23684
nIPC,Pbk,0.17593402,5.8345037
nIPC,Hist1h2ap,0.17566343,5.539895
nIPC,Prc1,0.17464048,5.6213727
nIPC,Dlgap5,0.17430563,5.4332957
nIPC,C330027C09Rik,0.17321427,4.825218
nIPC,Spc24,0.17081998,5.164301
nIPC,Kif20a,0.16951817,5.365838
nIPC,Racgap1,0.16896333,5.0104933
nIPC,Ckap2l,0.16752669,5.304862
nIPC,Cdk6,0.16659416,4.721459
nIPC,Cdc25c,0.166569,5.3995805
nIPC,Insm1,0.1656032,4.432512
nIPC,Hmgb2,0.16152678,6.558382
nIPC-perin,Pbk,0.34729454,6.3558097
nIPC-perin,Cdk1,0.31987783,5.8126817
nIPC-perin,Cdca8,0.31532994,5.8342814
nIPC-perin,Fam64a,0.30978104,5.956274
nIPC-perin,Cenpm,0.30117548,5.4122887
nIPC-perin,Cdca3,0.2865491,5.993962
nIPC-perin,Birc5,0.2855641,5.9942193
nIPC-perin,Prc1,0.28039962,5.883931
nIPC-perin,Cks2,0.27965498,5.884321
nIPC-perin,Ccna2,0.2696815,5.905517
nIPC-perin,Gmnn,0.24851076,4.937137
nIPC-perin,Ube2c,0.24695486,6.0216284
nIPC-perin,Top2a,0.24657014,6.0158486
nIPC-perin,Ccnb1,0.24605651,5.8786736
nIPC-perin,2810417H13Rik,0.24191542,6.0928097
nIPC-perin,Esco2,0.2410358,5.7911344
nIPC-perin,Cdc20,0.2392143,5.7189884
nIPC-perin,Hmgb2,0.23916212,6.6021204
nIPC-perin,Tpx2,0.23864979,5.565505
nIPC-perin,Spc25,0.23642887,5.801455
nIPC-perin,Aurkb,0.22857882,5.6468616
nIPC-perin,Knstrn,0.2282949,5.441116
nIPC-perin,Ckap2,0.22703591,5.28464
nIPC-perin,Cenpq,0.22543876,4.5322847
nIPC-perin,Ccnb2,0.22442774,5.4839206
nIPC-perin,Ska1,0.22392319,5.587236
nIPC-perin,Cenpa,0.2238966,5.648716
nIPC-perin,Racgap1,0.22075948,4.9988995
nIPC-perin,Lockd,0.2198395,5.418894
nIPC-perin,Tk1,0.2193407,5.2353973
nIPC-perin,Spc24,0.21749571,5.1587157
nIPC-perin,Ckap2l,0.21680227,5.3522115
nIPC-perin,Ncapg,0.21302572,5.481908
nIPC-perin,Smc4,0.20970842,4.726816
nIPC-perin,Hist1h2ap,0.20617358,5.445833
nIPC-perin,Bub1b,0.20366351,5.435072
nIPC-perin,Nusap1,0.1947948,4.9819884
nIPC-perin,Iqgap3,0.19322795,5.707347
nIPC-perin,Casc5,0.19059034,5.478879
nIPC-perin,Cenpf,0.18881932,5.1644874
nIPC-perin,Sgol1,0.18821374,5.4349065
nIPC-perin,Depdc1a,0.18809727,5.572514
nIPC-perin,Tacc3,0.18698287,4.801312
nIPC-perin,Aspm,0.18688586,5.4071903
nIPC-perin,Cenpn,0.18638237,5.022433
nIPC-perin,Plk1,0.18548647,5.1488366
nIPC-perin,Melk,0.18381812,5.360227
nIPC-perin,Aurka,0.18068975,5.1184115
nIPC-perin,Rad51,0.17677334,4.228461
nIPC-perin,Pmf1,0.17658378,4.313376
